{"cameraMode":{"drawMode":0,"name":"Shaded","section":"Shading Mode"},"sceneLighting":false,"audioPlay":false,"sceneViewState":{"m_AlwaysRefresh":false,"showFog":true,"showSkybox":false,"showFlares":true,"showImageEffects":true,"showParticleSystems":true,"showVisualEffectGraphs":true,"m_FxEnabled":true},"in2DMode":false,"pivot":{"x":-7.880000114440918,"y":4.510000228881836,"z":11.479999542236329},"rotation":{"x":-0.000719074159860611,"y":-0.8030558824539185,"z":0.5959132313728333,"w":-0.0009649203275330365},"size":0.89582359790802,"orthographic":true}