{"cameraMode":{"drawMode":0,"name":"Shaded","section":"Shading Mode"},"sceneLighting":true,"audioPlay":false,"sceneViewState":{"m_AlwaysRefresh":false,"showFog":true,"showSkybox":true,"showFlares":true,"showImageEffects":true,"showParticleSystems":true,"showVisualEffectGraphs":true,"m_FxEnabled":true},"in2DMode":false,"pivot":{"x":-10.60996150970459,"y":-26.702537536621095,"z":-12.555930137634278},"rotation":{"x":0.6899276971817017,"y":0.003257335629314184,"z":-0.0031046357471495868,"w":0.7238653898239136},"size":48.91010665893555,"orthographic":true}