{"cameraMode":{"drawMode":0,"name":"Shaded","section":"Shading Mode"},"sceneLighting":true,"audioPlay":false,"sceneViewState":{"m_AlwaysRefresh":false,"showFog":true,"showSkybox":true,"showFlares":true,"showImageEffects":true,"showParticleSystems":true,"showVisualEffectGraphs":true,"m_FxEnabled":true},"in2DMode":false,"pivot":{"x":24.319049835205079,"y":-10.385274887084961,"z":0.2788033187389374},"rotation":{"x":-0.36445972323417666,"y":0.6065403819084168,"z":-0.36555200815200808,"w":-0.6047067642211914},"size":21.761869430541993,"orthographic":true}