{"cameraMode":{"drawMode":0,"name":"Shaded","section":"Shading Mode"},"sceneLighting":false,"audioPlay":false,"sceneViewState":{"m_AlwaysRefresh":false,"showFog":true,"showSkybox":false,"showFlares":true,"showImageEffects":true,"showParticleSystems":true,"showVisualEffectGraphs":true,"m_FxEnabled":true},"in2DMode":false,"pivot":{"x":31.15999984741211,"y":4.659999847412109,"z":11.451842308044434},"rotation":{"x":0.5378606915473938,"y":-0.0012645497918128968,"z":0.0008067917078733444,"w":0.8430324792861939},"size":0.4330126941204071,"orthographic":true}